absolute_mean,absolute_std,absolute_min,absolute_max,absolute_skew,absolute_kurtosis,absolute_var,absolute_range,absolute_median,absolute_rms,person,activity
-0.9574941098190867,0.2866576948685446,-0.8768144290445234,-0.540355461978065,0.41268419677738655,-0.7650377205633813,-0.08022316490454426,0.09094991771496276,-0.9308050643378354,-0.9112760274725459,mukit,walking
-0.7010536616252541,0.5126125965828551,-0.5462608222369779,0.1576887359275852,2.111081280315318,1.1493089043039,0.027899644846457412,0.5181763963841711,-0.8442795536091245,-0.6049392968395192,mukit,walking
-0.675276850611224,-0.43319663076130266,-0.4327549859703927,-0.8440068753102932,-0.7925835808889026,-0.3593332590484976,-0.29563612622026464,-0.49409519329620305,-0.5637874588513656,-0.575622017107953,mukit,walking
-0.5637088928676482,-0.5101651630188981,-0.18513223664994802,-0.7809739340129538,-0.13934024714312332,-0.5519976433352431,-0.3070439770248546,-0.6034036792799642,-0.5033410474667818,-0.4514500281455107,mukit,walking
-0.3328255401544303,-0.2190116116221448,-0.0694572434794503,-0.29795957977821586,0.8229118487352063,-0.1446926185984897,-0.2520708800313074,-0.23101033755016054,-0.30565755926470806,-0.20706201768190055,mukit,walking
-0.7577360505503579,0.5354624874028344,-1.0113020045092271,-0.13767485486486478,0.35732160670706126,-0.47135006643839794,0.03991123266329137,0.5582243145599123,-0.7922958548972214,-0.6702899590906791,mukit,walking
-1.5084767806924695,-0.2758198350674072,-1.2500963301283874,-1.241416701173498,-0.47342385890660243,-0.45083093844971395,-0.26532023039262825,-0.3100772069958715,-1.3191834569848742,-1.6985030194628672,mukit,walking
-0.9616859815825479,-0.24311051640006642,-0.6876235113106045,-0.7596861420459762,0.34689766210241474,-0.33721346239082495,-0.2578408616763939,-0.24229556302033353,-0.8529705042109664,-0.9165288522207908,mukit,walking
-0.6230007141384648,-0.19221978227371672,-0.41916669229006503,-0.5776736805596959,0.08243694589221341,-0.5762837721352367,-0.24539770257548155,-0.25467182530885607,-0.5397967038680356,-0.5169034249938275,mukit,walking
-1.0896473034825618,0.20432317011833495,-0.8498884368344444,-0.6009045222863849,0.636780137044933,-0.7052224516941391,-0.11481037240192324,0.01613579185198734,-1.2679258781649467,-1.0812807947279828,mukit,walking
-1.4053579901866322,-0.6395116447223173,-0.9152137029910993,-1.4244399522945144,-0.4706974419459982,-0.2749417532519546,-0.3211568796494716,-0.7083626303341263,-1.2637090041433436,-1.5326983646987695,mukit,walking
-1.251945382506743,-0.6520774191992399,-0.7333467281002054,-1.3238946425754001,0.05924105661850733,-0.5385657635341208,-0.32218992546335795,-0.7379955702933654,-1.129162521609418,-1.3042033659887786,mukit,walking
-1.0936668879557043,-0.3835780908818747,-0.701530769275853,-1.0606191510470424,0.34868832511907993,-0.7515233990134951,-0.2870914197185475,-0.5138050111873176,-1.0408644812466663,-1.0866022762388992,mukit,walking
-1.0716543228082294,-0.5914250836560022,-0.6011810491712297,-1.1841302883762523,-0.474678247911541,-0.652149022443188,-0.31665082320984983,-0.6972619319869652,-0.9415270016419486,-1.0575744076568434,mukit,walking
-0.8415138678811348,-0.6840468368806689,-0.3255686280645691,-1.050294200176682,-0.10661340906074779,-0.4150964733633236,-0.32454830369942295,-0.7594753229699588,-0.7370995805830272,-0.7692312418103141,mukit,walking
-0.6927329417337744,-0.5273506589714531,-0.3601816264709233,-0.8214148371026084,-0.07311586776078466,-0.2637750988882914,-0.3092844228606399,-0.5222864603953404,-0.6039275154001591,-0.5954488652284541,mukit,walking
-0.8205688289078027,-0.5559689267920342,-0.42062248702719096,-0.9085885823781189,0.6665339209515495,0.14678233965214604,-0.3127668858374637,-0.5626282121545321,-0.7308805450169501,-0.7442212296193021,mukit,walking
-0.8951608944378657,-0.62599162222418,-0.4084450363014989,-1.016849659216274,0.16394914226674176,-0.13630787587228763,-0.31997853659509545,-0.6719711916591519,-0.791830140932787,-0.8341650382055275,mukit,walking
-0.822224393183763,-0.451724558815344,-0.431252016070221,-0.80587475483901,0.6869717337700002,0.055988588970800335,-0.29858746541297554,-0.45951536065643606,-0.742606128254725,-0.7461913018854937,mukit,walking
-0.9039225774151801,-0.5449023830718978,-0.4648582810632102,-0.9544536265265025,0.396489112772035,-0.15133093047495036,-0.31145705038798344,-0.5754084029664924,-0.8032894126701345,-0.8448933684566422,mukit,walking
-0.8833586732106472,-0.6858218220105096,-0.3321550487314725,-1.0782531930857375,-0.03496818501088078,-0.5749013506976394,-0.32466789131319135,-0.7811053476509439,-0.7779185899817106,-0.8197692594568988,mukit,walking
-0.9009421373508342,-0.6452240783379202,-0.5215151560036484,-1.1176104686952164,-1.6546419649595183,0.8764893408891303,-0.3216339253469755,-0.6892582694097151,-0.7726135717189255,-0.8412399676091347,mukit,walking
-0.8772013563609998,-0.5747404563707322,-0.4312356331868102,-1.0239156604899948,-0.0810847756542166,-0.545050613260035,-0.31488251975191106,-0.6630913474880409,-0.7815020427719866,-0.8122839297379993,mukit,walking
-0.7904625289106865,-0.6433559119192596,-0.39661247224374935,-0.9628383028420406,-0.5192828475057027,0.746482850311642,-0.32147927588323666,-0.6295810274184135,-0.6845299771256323,-0.7085956130866211,mukit,walking
-0.7689636269368054,-0.5462863255442872,-0.36470828957713175,-0.9047326524881746,-0.09266695843950473,-0.3620045758053465,-0.31162339361840097,-0.596998704872175,-0.6618208452140273,-0.6833831183396336,mukit,walking
-0.7082475417365683,-0.6074056060391944,-0.2667718848677248,-0.899681336773868,-0.2588645918205478,-0.3573706071196875,-0.31824556116043445,-0.658789772522576,-0.6163322074929796,-0.6131653367171472,mukit,walking
-0.6008196157762012,-0.5403152157788393,-0.23798693501725868,-0.804239621786524,-0.5067297858110074,-0.38847718286250754,-0.31090050331352265,-0.5892319592229794,-0.495801271097249,-0.4922780137690304,mukit,walking
-0.7644206441644916,-0.01386871952507402,-0.6092732740652754,-0.6802856376063738,-0.41320746743126413,-0.876242572153654,-0.1940400660042695,-0.22137294203092248,-0.515180356402579,-0.6780792247909555,mukit,walking
-1.2773250116319717,-0.4978469122993622,-0.8929884789567933,-1.273104722612165,-0.34843092261779296,-0.7299990682449115,-0.30536918041717576,-0.5821675487487947,-1.1245695696246294,-1.340694745544255,mukit,walking
-1.3311967734269765,-0.5991672260263141,-0.7978581074253519,-1.2629834164805571,1.066275955931287,0.25236609849781355,-0.3174355212113121,-0.6373196983305633,-1.2167925847598295,-1.4198025661137774,mukit,walking
-1.2996325033948906,-0.6356232858203417,-0.7771297725257318,-1.2479168782437073,1.3135180572806096,0.7228510344221007,-0.3208250867248964,-0.6373297239361918,-1.1889964553433268,-1.3731730672499705,mukit,walking
-1.2393908043516249,-0.6314664156047869,-0.8282415064223955,-1.2684144332565255,0.05057175837563544,0.314780829051125,-0.32046404296082565,-0.6217572701885888,-1.1152326611895191,-1.2863274585819102,mukit,walking
-1.1915983130641694,-0.5510083184983661,-0.7080620848113673,-1.1371060141814466,0.7001431084877038,-0.10567538267462728,-0.3121854895796528,-0.5807784931397459,-1.0904795241756013,-1.2192947209355813,mukit,walking
-1.3002346452125149,-0.5387230974389469,-0.9497016411358342,-1.3140184960988956,-0.6480945540312358,-0.2728952529667038,-0.3107054716960892,-0.5818520130179522,-1.164914205037139,-1.3740551239786816,mukit,walking
-1.2101555308644243,-0.47105304722002406,-0.8513624988203283,-1.18017257705598,-0.014008604569474392,-0.5894682911885939,-0.30152763830909995,-0.5236728258060892,-1.0959334565404866,-1.2451353527496516,mukit,walking
-1.1162652834704694,-0.6184510929923019,-0.6134359756774809,-1.2244754584189161,-0.3809324827464289,-0.6193822645475083,-0.3192912381077744,-0.7266064078705354,-0.9836325620209079,-1.1166970861657504,mukit,walking
-1.1178562070011147,-0.4950685876163288,-0.754404745665206,-1.1647721752273374,-0.1344541362545252,-0.6824450442868425,-0.3049834877994672,-0.5751373114577948,-1.02323875810084,-1.1188272264409775,mukit,walking
-1.3005517461119684,-0.5875026951507788,-0.847085618592713,-1.3061725332903866,0.14096514787192996,-0.5507056285701856,-0.3162446009441481,-0.6442118264985714,-1.1885138624843865,-1.3745197491298218,mukit,walking
-1.303139064108919,-0.6593276347118452,-0.7304942105968124,-1.2658340859244857,1.5678620806978867,1.3047652751952743,-0.32275874204926475,-0.6857268343680106,-1.1840414800242962,-1.3783137306854913,mukit,walking
-1.2530387527838425,-0.54644273065517,-0.8366898980622093,-1.2818651895678455,-0.1893395081243444,-0.5984258682304332,-0.3116421470967227,-0.6285778464228555,-1.1213210918481404,-1.3057655927990928,mukit,walking
0.2580091674059459,1.4166998427457431,-1.0020406274443259,0.3007863626261234,-1.3450054705221037,-0.38936981546082094,0.6541649570344207,0.9612862210542221,0.6960935648729992,0.35764729233746123,mukit,jumping
0.9276452080117243,1.0538975265857382,-0.17568453620290908,1.3732040180690879,-0.06809428679059357,-0.41735514453122347,0.3656281706750681,1.401339571547844,0.891040132288447,0.921382122427206,mukit,jumping
1.3567115764575017,0.6776479167001397,0.5427876736830514,1.1623445497545226,-0.6058859042946984,-0.5663609231210599,0.11910208124786748,0.7165765708166837,1.3848418088666263,1.2514318559521458,mukit,jumping
0.728977772659342,-0.12379000522682561,0.6356264835487541,0.407732058938884,-0.25084336302541493,-0.42559319824515895,-0.22711850033185063,-0.050981454881104206,0.7984186430799199,0.7609676865068425,mukit,jumping
0.6709105925042648,1.2139776321593718,-1.2130189219422818,1.050214582927017,-1.1327344774336083,0.3857490524942325,0.4867889739164782,1.8042307696041733,0.7398171844462372,0.7130703307101912,mukit,jumping
-0.02821305893228736,1.2364927808420825,-1.216461253880038,0.3881656255464288,-0.6170172438298709,-0.6303240102599631,0.5046093853935619,1.1884738106698578,0.2303797802250529,0.09360213076074295,mukit,jumping
0.294543553117873,1.118634233653252,-0.4376988680606692,0.7596123444386366,-0.14811443126622967,-0.7101337681738837,0.4134559465848523,1.0064147878663243,0.42527635859268775,0.39023208535470005,mukit,jumping
-0.7643724234478525,1.3655158186482077,-1.2431674069148868,0.3013356996804929,0.17483105929290882,-0.7946243675823771,0.6104351294026513,1.1255443605265598,-0.5798697245224591,-0.6780229716876506,mukit,jumping
-1.7682008484325373,-0.01831931911824587,-1.4122869403674934,-1.2025631053768735,0.629400732907695,-0.6015297423533991,-0.19546834982722372,-0.1636621512252571,-1.6989425248172103,-2.178698330260564,mukit,jumping
-1.1917829397566533,2.079771574561827,-1.399894559984939,0.6644458527258791,1.2553104920196672,-0.2621900052990932,1.3104373216151202,1.5709779771207093,-1.7791400887203925,-1.2195506665387306,mukit,jumping
-1.3315037857750978,1.4211797268450612,-1.385496177647462,0.18466567919181925,1.0856718455229455,-0.33436139506726,0.6580396777150896,1.1132733807733775,-1.809970608754802,-1.4202601051143726,mukit,jumping
-1.3634934676939878,1.5597069603942182,-1.421658853084671,-0.1406467733506251,0.9373449969222476,-0.6593857473592418,0.7816088959098294,0.8341163667995829,-1.900650684454837,-1.4683711235567882,mukit,jumping
0.5290971973389811,0.008383086316863015,0.3899638198873206,0.18528542333199374,-0.3831691156584279,-0.7167678150173965,-0.18678640851122416,-0.09183402482104143,0.5803285321765397,0.5940374075752094,mukit,jumping
0.7998213541297541,0.3924244638795162,0.35051939759279144,0.502600427964279,-0.9975958257357198,-0.5493557221284694,-0.032021609818863456,0.2312000533395483,1.003409438123028,0.8187714187105727,mukit,jumping
0.6329514279813632,0.7439923126952344,-0.7874744166799857,0.7286079651704684,-0.8459667081645456,-0.020253405310157128,0.15867516834286294,1.2149957186872986,0.7138758831728367,0.6814996254524474,mukit,jumping
-1.9312856205054383,0.04499967332173927,-1.3920793725864118,-0.5196300708328456,4.071028766479113,6.16816762882029,-0.17444154343875523,0.46020736249504585,-1.8802373797940743,-2.5549870563394537,mukit,jumping
0.18616207828454195,1.182582763346028,-0.7183454371046069,0.7202395428509879,-0.48580207846151313,-0.5642318425801799,0.4622611916288562,1.1602385222112783,0.255718018736003,0.29286135078839515,mukit,jumping
-0.501487321804226,1.1345707955718258,-1.0110744140300767,0.18159597649137652,0.18234685136867712,-0.8325723424935358,0.4254736360427398,0.856143750786381,-0.6968512558520799,-0.38400401399053086,mukit,jumping
-0.19131227676024523,1.5721344046905632,-0.8719391572924913,0.5951873351632193,0.332173431969314,-0.8166618115078697,0.7930500143082948,1.1477917044599892,-0.41184371498905076,-0.06459170453273577,mukit,jumping
-1.127364220162328,1.6711984560728719,-1.3048981244285385,0.5452642055729433,1.3512790432840924,-0.1586259973112902,0.8863451177851448,1.3951984339782075,-1.5475626338027169,-1.1315897528402938,mukit,jumping
-0.45767037436944863,1.6404530793943193,-1.1819163447446892,0.4544490950341063,0.1478968738362252,-0.8593404086975178,0.8569920554149527,1.2268977409792963,-0.7042460270809705,-0.3372345190299623,mukit,jumping
-1.276197643751402,1.6597477881279274,-1.3860262162234755,0.4026046135265257,1.3387689835321623,-0.11716154925737644,0.8753711203200888,1.3171029815341764,-1.6501509315248652,-1.3390635325861082,mukit,jumping
-0.3119969154025679,0.937240578170007,-1.0262664489745492,0.15724295858016113,-0.38868048396949806,-0.6809666131421169,0.28345233098370487,0.8437242279959105,-0.14207060675122127,-0.18576655141639167,mukit,jumping
-1.1394642909734054,1.1762279864871277,-1.2112139599286,0.4843856864240445,1.0771282407104519,-0.17448853490100333,0.457341881836,1.274742333623929,-1.4000739730595158,-1.147911529480401,mukit,jumping
-0.5008413645366664,2.532637165508663,-1.2962866291641297,1.1353007923018055,0.49093134567495367,-0.793693573646467,1.8544474194214209,1.9402137306861547,-0.8884014727774302,-0.3833102485239998,mukit,jumping
-0.01020383502438577,1.7485599945125228,-1.0813903142158674,0.5976980927903514,-0.44118451517733565,-0.8502487068381098,0.9617885069120486,1.2923706429940824,0.3219160332892244,0.11070483858948212,mukit,jumping
-0.5038605448461042,2.1027182239485382,-1.2983831764200875,0.8907478535076456,0.33784967455923226,-0.848167248955626,1.3361323916902859,1.7133207385838887,-0.9570159981283779,-0.3865539972747199,mukit,jumping
-0.3653609241932499,1.7899722165332768,-1.33241397554421,0.4337425404143583,-0.153088045161929,-0.915144545664836,1.0031062223324279,1.3097664168389216,-0.04833087207864578,-0.24056212623738168,mukit,jumping
-1.0649586080249112,1.294416599149466,-1.2617184427771455,0.2465576594280636,0.8935600213742705,-0.4723905941672951,0.5513383771905218,1.087000818552181,-1.397584057159638,-1.048799685258136,mukit,jumping
-0.22791794175504543,1.600408217275655,-1.0433795222101343,0.24002786864678413,-0.12014502305640166,-1.0071317721821909,0.8192979463337379,0.9326341404416286,-0.386441574991164,-0.10095749845421473,mukit,jumping
0.07482821448035833,2.473428383172875,-1.0785479104022297,2.1504498937463006,0.6048251070918378,-0.2466548027348111,1.7789043615866258,2.74010282515208,0.02146017248899268,0.19053462277087121,mukit,jumping
-0.6824649403500863,2.342522047981084,-1.3062897406640106,1.3189826526949402,0.8789471499062137,-0.4096495795538038,1.6166012875880988,2.1184936428348933,-1.0761452463306862,-0.5837727767013218,mukit,jumping
-0.6711722505810391,2.4591350108128474,-1.3878390926799489,1.361182878157975,0.8227499898949551,-0.48168600475938367,1.7608669231628022,2.213270974075025,-1.171124393729962,-0.5709761644599094,mukit,jumping
-0.7892478998610176,2.6446932523481874,-1.3501748153449815,1.4603689805271924,1.2469886107661874,-0.21526321825396955,2.001054614848221,2.280294772721027,-1.4414738058416077,-0.7071661736347692,mukit,jumping
-0.8509883833772309,2.0645861100198752,-1.3741515894302707,0.5611786202279097,0.4074017388966377,-0.8612291759408864,1.2935427820286671,1.4570851697120353,-1.3385916217504898,-0.7806065664686866,mukit,jumping
-1.6128968418023713,0.9246694692989129,-1.4111329960601553,-0.3246253222171203,1.4545254398655252,-0.06329457973086224,0.27490486973722134,0.6552044757623195,-1.840829780595901,-1.8790121479563107,mukit,jumping
-1.2719278970977104,1.1361681790371776,-1.270966147344422,0.1997504037028166,1.6999336239697471,0.4142165170550759,0.42668352446005664,1.0495811284936392,-1.5061358786344636,-1.332894280794153,mukit,jumping
-1.673919707288003,0.1907505176282251,-1.277438537497297,-0.23397513609407042,2.772851173300345,2.9644466699683587,-0.12026526355547759,0.6490465357069058,-1.6800134744257076,-1.991664813076272,mukit,jumping
1.280898860705933,7.098251062716132,-1.2278908066378968,6.743495573415884,1.3986843265096762,0.20363535908912125,11.681795212067032,7.129626036347543,0.2686486890597447,1.1946130524839593,mukit,jumping
-0.12353138248089116,4.918184408596506,-1.2135274256646993,4.220142027894434,1.4754649016416659,0.10882698465299005,6.003529078752564,4.764047563895528,-1.528262787148954,0.0018926570097486284,mukit,jumping
0.38153217617095575,-0.736428596406408,0.8625849010684457,-0.25016567379646687,-0.23647911896732504,-0.3007692743535652,-0.32757501609355744,-0.8193241960204694,0.412603706508158,0.46687973198060134,tyler,walking
0.3745084333451755,-0.7520801624353535,0.9008561794784501,-0.24482362702673552,0.4159490544065341,-0.060473540884247924,-0.3282775630037948,-0.8403262179263203,0.4021013310091281,0.4607388228119021,tyler,walking
0.3724769189778917,-0.7313531073376036,0.8879260840877808,-0.23574197687120124,0.5737861725544817,-0.06406678995128204,-0.32732725449587696,-0.8230668939174606,0.3975714182726449,0.4589611107848391,tyler,walking
0.38079785060007787,-0.736902266895323,0.9164181480728832,-0.19777616036770862,1.1501300972047461,0.6756090392956788,-0.3275976402638134,-0.8069701788684118,0.4049547331127948,0.4662380929197892,tyler,walking
0.3764003308829729,-0.7749967381204763,0.9124621130298265,-0.27738242787308787,0.1278128869294975,-0.3533198572318817,-0.3291386861997317,-0.8786047946148595,0.4061231871170172,0.4623937369585799,tyler,walking
0.3771189385182421,-0.7725189794167215,0.9008917135307769,-0.2892517662029125,-0.32957119915401606,-0.23586915044451034,-0.3290551796935205,-0.8818288406910263,0.4068725274260249,0.46302217266886575,tyler,walking
0.3756229828755081,-0.7466481667927449,0.8825852070229743,-0.26096535969409984,-0.055183057576132746,-0.4993063862679162,-0.32804426066260356,-0.8429887579354463,0.40255858812577294,0.46171383409216005,tyler,walking
0.37190835858995563,-0.7065636298903841,0.849701845703854,-0.23428626165978,0.06449354888199257,-0.3900608649983781,-0.32597682402162914,-0.7957503671811068,0.3964935350584974,0.45846345778415853,tyler,walking
0.3672583751009759,-0.7109128180841455,0.8591449520704285,-0.2478971964421154,0.008556120905550978,-0.5505497356405573,-0.32623060016163735,-0.8148703126775986,0.400970869889662,0.45439134816685417,tyler,walking
0.3643291228149107,-0.7404243520800904,0.8558611215899806,-0.26147976071550755,-0.1831057614273465,-0.23308386126691122,-0.3277631999657007,-0.8253211154315641,0.39753655367359064,0.4518242541450581,tyler,walking
0.3699107643514711,-0.68716666764407,0.8452882407957709,-0.2480156318685775,-0.2969693801885618,-0.6642471716389543,-0.324757703509199,-0.8055710177802696,0.4092044310421404,0.4567145598158753,tyler,walking
0.3876314951226633,-0.7004166575372875,0.8653240800568794,-0.24363043235904147,-0.039619846357011844,-0.6276467380377353,-0.32560591763684305,-0.815082970401451,0.4186194310874566,0.472205710730872,tyler,walking
0.501388078719529,-0.668261830857547,0.942596877257476,-0.10478454316029992,0.2895973361939436,-0.43247338184082523,-0.32343226890125315,-0.7379299558307515,0.5065887572699217,0.5704246519851712,tyler,walking
0.5038122882847705,-0.670571866443799,0.9444994524230563,-0.1015895320056229,0.4636598289027749,-0.2712867879205545,-0.3236014934938372,-0.7362390738332906,0.5127593998934806,0.5724952492737142,tyler,walking
0.5344468889118849,-0.6610631709842568,0.9253412045157665,-0.12406388111495,-0.5354309521047456,-0.4377742081268496,-0.32289194785649483,-0.7442112645940347,0.5624356083924621,0.5985825456740057,tyler,walking
0.4970438239576663,-0.6888863852540281,0.932303201206539,-0.147484581032575,-0.05728553326076266,-0.37680374030807046,-0.32487155168809606,-0.7708048098192924,0.5176143994951974,0.5667117794461238,tyler,walking
0.5205129961355379,-0.6568586669351104,0.9602659416131412,-0.0779723642449704,0.4716228750448238,-0.32374046933387396,-0.32256727635183446,-0.7248966495948586,0.5307685500864002,0.586734982742845,tyler,walking
0.5574379831472606,-0.6326308886277001,0.8922736262009175,-0.06659239573512514,-0.18961021998464883,-0.3315802694438618,-0.3205658433981673,-0.6680997378840191,0.5797273141516571,0.6180660431631546,tyler,walking
0.6075901711598466,-0.6367165612356287,0.987997105490571,-0.05226291216926576,-0.15267448805120215,-0.6014394970427375,-0.3209189549070273,-0.7197258667152202,0.6255024649716845,0.6602897964387991,tyler,walking
0.4996070518441865,-0.7085686291579475,0.9857841436299764,-0.11293095814518135,0.982389700619815,0.3814794164509931,-0.3260947070558947,-0.7748632888944872,0.5145153142525488,0.5689028323122386,tyler,walking
0.5877013540517251,-0.6345872150283277,0.9622043838878357,-0.03576580810795424,-0.024807400237974623,-0.3754040794364171,-0.3207357119515381,-0.6868086110429297,0.6050573789010384,0.643590181351956,tyler,walking
0.5936609905601113,-0.6582340220845299,0.9868182736342258,-0.0832971486775497,-0.42232084301625894,-0.5223796351478821,-0.322674218699693,-0.7478991708220438,0.6190135004117603,0.6486003513868016,tyler,walking
0.5858514117007981,-0.6628198048517536,0.970347059857592,-0.05443797752485928,-0.20677236766835638,-0.29114396385913305,-0.32302561021191806,-0.7097706675177259,0.6062913162502617,0.6420338867367684,tyler,walking
0.5773802625696629,-0.6257566600235424,0.9397890812190727,-0.02805493073475512,-0.3989660606070009,-0.3465162816654827,-0.3199574457906446,-0.664387802299573,0.6054498041514177,0.6349008496644113,tyler,walking
0.442538860094861,-0.7112486819726755,0.8986385352318417,-0.21842737205609722,-0.5270482516402191,-0.490314511674894,-0.3262498996468703,-0.8141764815287293,0.47747812023392655,0.5198745150023071,tyler,walking
0.43529359298082565,-0.7301915223031216,0.8763767665069643,-0.22588523591573184,-0.7406454128717734,-0.16530996755032926,-0.32726917815123235,-0.8060216022337588,0.4658955362868016,0.5136126526796269,tyler,walking
0.43548528991400126,-0.716541768073531,0.9041577201722193,-0.22777615153659653,-0.7646801130917781,-0.3921376720690167,-0.32654840484645453,-0.8266525710305717,0.47340389109256487,0.513778440064585,tyler,walking
0.4397352873930105,-0.7252907586354493,0.8921283866902175,-0.22721889440966833,-0.6980209790413138,-0.34443372213802653,-0.3270185209385783,-0.8179633862985107,0.4727254149732499,0.51745248159894,tyler,walking
0.44404947121179306,-0.7180067451551652,0.8973724520506873,-0.22131257250033115,-0.8788961443357666,-0.3105210274075302,-0.3266291461394363,-0.8160103529402871,0.4811889323704267,0.5211790195011239,tyler,walking
0.4268207503776695,-0.7335058407156433,0.9035094408959928,-0.22388872392715117,-0.17977729709614884,-0.20041811052384592,-0.32743353343052267,-0.8225829993279737,0.4552037898929239,0.5062790220165125,tyler,walking
0.43589787642619815,-0.7105572269360164,0.8729068051610577,-0.2262376667967831,-1.0298415826474383,-0.31342863545987737,-0.3262101205007493,-0.8039942404237196,0.48076474776814,0.5141352416000567,tyler,walking
0.4318774878787716,-0.7347149029814547,0.8954714075465444,-0.2311491498812013,-0.6805333582739482,-0.28483380095752897,-0.3274924535723828,-0.8239028976342421,0.4669781581537652,0.5106572636210743,tyler,walking
0.4355598462816572,-0.7128916436589885,0.8965648388112321,-0.22645485017815015,-0.6584519936557138,-0.524782682114754,-0.3263436916517264,-0.8202627905147765,0.4755776374923059,0.5138429178638276,tyler,walking
0.441565636088544,-0.707889541198046,0.8894335883778959,-0.2263027916314775,-0.9173975487931619,-0.452180483639918,-0.3260549510481715,-0.8152781111803691,0.4885572727632139,0.5190338815339834,tyler,walking
0.42964396559314516,-0.7245374186669818,0.8790742545584533,-0.21725318444101527,-0.14857738317824,-0.2645684449811663,-0.3269791828457386,-0.7997944651248744,0.45176868999368425,0.5087239413073708,tyler,walking
0.8514930762352056,0.13161127504641734,0.5560533846223948,0.8760646627259036,-0.31967978457905094,-0.4564012272315346,-0.14321845768227995,0.4402946819482815,0.8947908955008992,0.8605068466574872,tyler,jumping
1.0414688199062807,-0.2253299552367559,0.8928743576787889,1.0266581411118412,0.07160175447381331,1.416541190898849,-0.2536049697837242,0.352160402323631,1.0573004251661189,1.0110183766840641,tyler,jumping
1.2148327815090534,-0.2573248425813775,1.4016755787502795,0.9918247199485895,1.227990757506751,0.5043546436011848,-0.2611409630061497,-0.0258790116158528,1.1488697546148445,1.1445964843697667,tyler,jumping
1.325739525084174,0.039414058604831825,1.302752160783973,1.2198144217365503,1.40838960787387,0.38677404941136484,-0.17635752240664893,0.25415141537032837,1.174865381774731,1.2282927452888897,tyler,jumping
0.8947985374475028,0.09304873840521437,0.7609977280325639,0.5373285138689858,-0.282683215684018,-0.781572277855035,-0.15747127519474718,-0.015126664716708808,0.9195198589503066,0.8952159095069202,tyler,jumping
1.1037786606222746,-0.13309178859496232,0.725070001448359,0.706330878766554,-0.7382888575804198,0.2646363038663195,-0.22970747220032056,0.1670533288126719,1.1231294214258492,1.0594271388204817,tyler,jumping
1.25253131917634,-0.16714967138319076,1.1068868328229402,1.0678965234437587,0.8304418671737732,1.0231964939692781,-0.23890692380180525,0.24532851945107653,1.1862214284571615,1.173195057735699,tyler,jumping
0.9281224788783409,0.08940126219355791,0.7902942209212176,1.1079467993216578,0.834653189139976,0.7026380514847363,-0.1587902104749594,0.49771269378920735,0.8987506297754364,0.9217613183125792,tyler,jumping
1.274100379409438,0.026626135212703118,1.244387585521129,1.351660876545932,1.7040065738070838,0.9485773136164014,-0.18069950463259377,0.41687883121507935,1.1250477000309487,1.189487989804084,tyler,jumping
0.7745470034727373,0.1349445215988326,0.7999878026355772,1.0731243891978608,0.9774445502345749,0.09368237778793811,-0.14196001153970125,0.45861943907078123,0.6656891968082551,0.79822756877029,tyler,jumping
1.0895588109308332,0.19292132774440995,0.8665730991038884,1.2742640271945442,-0.1621046891143398,-0.16902000518750826,-0.11939749961143133,0.601188140235868,1.1617218808357044,1.048419814017527,tyler,jumping
0.9498433920272102,0.19155362464266204,0.7699004093089781,1.0468806672283641,0.4355886142638363,-0.11629147213520485,-0.11994443615796131,0.4545499343230246,0.9848193445032236,0.9389885365901298,tyler,jumping
0.7387632750503782,0.6870385061436499,-0.41620150538137857,0.8914051270552931,0.20571532900707434,-0.22354486917653654,0.12460200519092154,1.1148591518981277,0.47704917520803086,0.7689929162291669,tyler,jumping
0.6592479498434693,-0.11510058226377125,0.667608074885225,0.37618138594288425,0.5638068668826612,-0.5228258216012075,-0.22467033558536262,-0.10215561251734204,0.5433040617368915,0.7033926008380182,tyler,jumping
0.82051910496491,0.12628241463381035,0.4556936926288405,0.7503799598754506,0.0018850042222120285,-0.4799591450776072,-0.14522158614830322,0.3911069986602881,0.8447662266343745,0.8355314863368218,tyler,jumping
0.6757596170038734,-0.04473199259292641,0.792269020059446,0.5540446921005705,0.7322221212076083,-0.37379799101188865,-0.20379017911317748,-0.02075612294997843,0.5880466979759411,0.7170883501705222,tyler,jumping
0.6306615575166626,-0.042820256699432124,0.7544951191270882,0.4994625447566394,0.8484869209570751,-0.3910520043241447,-0.20319672731516059,-0.04606284264021327,0.4977436796909464,0.6795884582108973,tyler,jumping
0.5138744445374741,-0.29915308876536323,0.8351601912682991,0.45732239504639965,1.9594437294008076,1.6432352308235127,-0.2704077975035683,-0.1401835865628542,0.4550172774190076,0.581079865313007,tyler,jumping
0.927165789162198,0.30079734864685875,-0.3400586298002885,0.506731881382952,-1.8981419533124593,1.0875206192316753,-0.07402480319400752,0.7040175189293273,1.0807023479053417,0.9210011910841427,tyler,jumping
0.8142239321864276,0.09220259268286098,0.5295677727906345,0.46671412370160065,-0.9611955882179013,-0.6064799108282432,-0.1577776925922843,0.07610745245147116,1.0266721683793638,0.8304399871415726,tyler,jumping
0.4410064917350608,0.44917649331369897,-0.8326983896772052,0.8131830145122616,0.10238347874733542,1.2355299467132832,-0.004409568012947277,1.3246665752953124,0.3870194285386269,0.5185508448479094,tyler,jumping
0.6675915730236827,0.14678301967919258,-0.35653192896298735,0.5489813499327617,-1.1583216505311618,0.7909977666330842,-0.13745641788899954,0.7546487349962766,0.7676648127667787,0.7103181732842846,tyler,jumping
0.9480755250503157,-0.23850322452572434,1.1773341737295022,0.6324109369954958,1.0795586674376119,0.01349166559969804,-0.2567547629092364,-0.20908420615806414,0.8636320970298313,0.9375886168231642,tyler,jumping
1.0913093570995873,-0.11862898705655567,1.2862300727679086,0.7950229253676054,1.0211600029465862,-0.2198845345423379,-0.22566788265598997,-0.13121769142299858,0.9614233721334075,1.0497761511119403,tyler,jumping
1.394519637259214,-0.03043841519636819,1.393220424234118,1.118977122908809,1.0229046114224312,-0.0807413563252485,-0.1993195413532221,0.09857332133806783,1.2349906530013917,1.2795430690104792,tyler,jumping
1.4767471674428347,0.15780127452883463,1.1366365319179605,1.214803729643178,0.49533749263946486,-0.41657666665025356,-0.1332171262907417,0.3622798116785672,1.3163457606497826,1.3401791921563875,tyler,jumping
0.9697045972231325,0.34255688948040924,0.7035557286937167,1.004168885692422,0.4309519114701228,-0.4146805634893597,-0.05527633580877031,0.4597274418027598,0.9549493615258624,0.9546893393904092,tyler,jumping
0.4336326003731155,0.5198973407239947,-0.7422614627117514,1.0194125644246546,0.8541587413774152,1.107554786813832,0.031707551908967194,1.4557900076325168,0.3742175948534613,0.5121759081667181,tyler,jumping
0.8446284296139108,1.567000607224385,-0.7521620572532867,1.9186247248672363,0.7779846953937781,0.007850645027909798,0.7883165724763688,2.3020255334152675,0.42062667788886043,0.8549825217061567,tyler,jumping
0.7483234167040564,1.5580955103132224,0.32925656663915526,2.2750623846557794,2.1948155731721313,1.2588823058905243,0.7801296293744565,1.900424996015524,0.3594355624184501,0.7768205548829973,tyler,jumping
1.265467683708116,0.04202248038515251,0.01733764158749341,0.8864016484795472,-2.4587529550106035,2.9854855028011498,-0.17546425284423342,0.8157784787427048,1.3023890846327977,1.182973023924831,tyler,jumping
1.00499808322288,0.2552586151675773,0.6208096700238009,0.8372694647367099,-0.6279142729923337,-0.5025365402967478,-0.0937164743362631,0.3601002119669843,1.1403139989095683,0.9824699459521036,tyler,jumping
0.3725829983640719,0.48443971008048514,-0.8377330561728864,0.6413627845561828,0.15558698831513718,0.7859467188518949,0.013362355565514347,1.1676726935861241,0.3826310278570629,0.4590539545751469,tyler,jumping
0.44220296870025405,0.272983975285585,-0.6365883741720874,0.6116830179854271,0.12609715489063308,1.3474190885954525,-0.08614519147270248,1.0033693270494903,0.38134891355020756,0.5195844022433439,tyler,jumping
0.5524469142828115,0.7020889811432849,-0.7447784809259542,0.6098336691533889,-0.4999495771627492,-0.2026514802344638,0.13348655978415155,1.0751129007392382,0.39786337730985705,0.6138432805091519,tyler,jumping
-0.5169268967772095,-0.3189852988350373,-0.23293174518973433,-0.6323707779623228,0.09776890528559885,-0.7240405652540428,-0.27456973953779196,-0.4322066282499579,-0.44004748539588057,-0.4006250770056865,sydney,walking
-0.727062190396737,-0.25197006431808655,-0.5206995015273298,-0.678661271598093,0.665110776066118,-0.4369736281084575,-0.25990675075215885,-0.2800054281369274,-0.7018529119927691,-0.6347719479439492,sydney,walking
-0.5550987123190856,-0.411226339835757,-0.3125201134501495,-0.7323186608956128,-0.4412896670473142,-0.4442184504509162,-0.29196780259644467,-0.4714716635758804,-0.45167115231207283,-0.44204263109415887,sydney,walking
-0.6848978946867853,-0.26368691505759867,-0.6157066989664011,-0.7540894868810818,-0.2671347872503996,-0.46313619548890117,-0.26259321545825426,-0.28590801514670655,-0.6127322630335186,-0.586535856710979,sydney,walking
-0.8714572951338435,-0.4073071585028501,-0.5592213803086451,-0.8382773442693352,0.6762265463263555,-0.05899679789898085,-0.29129419495612235,-0.40286478267960624,-0.7921256145005197,-0.8053163477663752,sydney,walking
-0.7655071878701969,-0.21927154204313715,-0.596256803335809,-0.7813946474184126,-0.605019602131698,-0.6283507300542254,-0.2521342894527596,-0.32460845519343257,-0.6085063897551797,-0.6793470056900978,sydney,walking
-1.0427855092476075,-0.3712987830738497,-0.7680255836858755,-1.058331282344683,-0.44144000406991174,-0.6163012219980447,-0.28483276224827536,-0.46651349048766577,-0.9113606413694555,-1.019920686954614,sydney,walking
-1.0540820893998215,-0.5083846319986991,-0.6846077022961207,-1.1042552637584757,-1.1164438279983575,0.03806603884706383,-0.3068054512919338,-0.566036240156899,-0.9061235769852285,-1.0345996728071185,sydney,walking
-0.945434424392059,-0.4925199197140396,-0.629679383055425,-1.0331152414726246,-0.7657280250853022,-0.15882351628263428,-0.3046271032475127,-0.5369202326982259,-0.8317985153016852,-0.896212184759265,sydney,walking
-1.0917343889518027,-0.5325968738283384,-0.6718997653063916,-1.1572382705675568,-0.17319504385845255,-0.7177406876934491,-0.3099460580631737,-0.6241313834914098,-0.969466398946613,-1.0840426887727443,sydney,walking
-0.9544784615487394,-0.5338009689960473,-0.5416459305782032,-1.036707061248005,-0.15157613879987614,-0.4628090648793549,-0.31009644242272766,-0.6000556720706524,-0.8428662786497154,-0.907502481261393,sydney,walking
-1.1312956944265637,-0.5551479642530338,-0.7509892890933799,-1.2046429613581389,-0.5982174372567735,-0.3966577754835494,-0.31267131103664325,-0.6146804006966212,-0.9977369880985468,-1.136883035010664,sydney,walking
-0.8946987040878748,-0.36084040827615405,-0.5802736248538819,-0.9040296368921157,0.05185595636364109,-0.6532850696287484,-0.28286397469244257,-0.44995545075414606,-0.7998780796456623,-0.8336000848691996,sydney,walking
-1.194257010577587,-0.18306832475086654,-1.0266638460751671,-0.9848455818381753,-0.28242232825667657,-0.5841027025269421,-0.2430559559852183,-0.22226957270735972,-1.0437034216035244,-1.222982640625819,sydney,walking
-0.9865188592135864,-0.4660353712670835,-0.6142252820453145,-1.0301098412524083,-0.10032173171738283,-0.5793406152312432,-0.30077797975643733,-0.544608993864008,-0.8773021150666539,-0.9478267428740893,sydney,walking
-1.1068903241031895,-0.2948587188525601,-0.7966260001623626,-1.0030978904926595,0.3998654853146932,-0.5796654407364017,-0.26948695283294327,-0.39552504405005495,-1.0415678463575067,-1.1041754648861652,sydney,walking
-1.0037555366838187,-0.4238883225284952,-0.6790901800900329,-1.0058467321574915,0.033261257063506966,-0.5026246332105955,-0.29410428129042127,-0.47790804975871776,-0.9139967813668952,-0.96973517394978,sydney,walking
-1.1002181669174502,-0.3440445314688899,-0.9095059384827062,-1.057708211567321,-0.3793944851066015,-0.450253444069663,-0.27961538910636013,-0.3698547786892644,-0.9597066439942592,-1.095295678027048,sydney,walking
-0.9891095825633444,-0.43174138616595087,-0.6879635651173575,-1.0289003509198824,-0.10727885301111338,-0.5492902402305385,-0.295398806369465,-0.4934053347252627,-0.8835151549461164,-0.9511098921088212,sydney,walking
-1.0838230085013771,-0.30956502924353474,-0.9149075675283007,-1.0331885439170203,-0.4541212978495748,-0.3814574357092446,-0.2726114142281904,-0.3432948480400439,-0.9646871375008728,-1.0735867131791161,sydney,walking
-1.030956160583856,-0.4351789574680577,-0.7076654024011956,-0.9986264413845329,0.34925020843384985,-0.36507386002205733,-0.29595811049369347,-0.4517621556475742,-0.9333427286190997,-1.0046241718788609,sydney,walking
-1.0920701052155029,-0.4048134362616616,-0.8337873940161497,-1.1044018686472667,-0.7138099246879204,-0.36054291711435626,-0.29086255635417707,-0.46486760970406943,-0.9535237889239279,-1.0844871874203694,sydney,walking
-1.0521740155460662,-0.45217856493340325,-0.7000063761425168,-1.041288464022725,-0.02221073817512448,-0.4895119585380388,-0.29865815122363976,-0.4967929064004403,-0.9406650602341259,-1.0321153466695319,sydney,walking
-1.0586408604239947,-0.3462751639081235,-0.7286773362819132,-0.947424683974263,0.42187653412676507,-0.388422311903537,-0.2800529864871915,-0.38969089283169345,-0.9816660926370554,-1.040543410022481,sydney,walking
-1.226539992597775,-0.6456902848901029,-0.7259916382583106,-1.2938520361874852,-0.19689221756927489,-0.45286116975065205,-0.3216723123084332,-0.7149422569131658,-1.1042415717164875,-1.268146874016082,sydney,walking
-1.4289040268101796,-0.4677481283333416,-0.9996254678488048,-1.266326968316968,0.051863821113847346,-0.44517914073776615,-0.3010349446284036,-0.5034243345888182,-1.267732559572978,-1.5695983699166918,sydney,walking
-1.2697540658648878,-0.6602348276604062,-0.7298009960553903,-1.30653335906791,0.025591029093443452,-0.45222534357763083,-0.3228285133184007,-0.7241947759128429,-1.1326907543224465,-1.3297586552287948,sydney,walking
-1.3496664499675712,-0.6149388971224372,-0.8371281403381917,-1.327424555720633,0.1974478350045412,-0.4353197863455644,-0.31896375325787957,-0.6708148586070138,-1.2135357347782838,-1.4474685966583054,sydney,walking
-1.3537836238295835,-0.4687902585236483,-0.8758515724421039,-1.209187712910661,0.5042914535979804,-0.5232168664328105,-0.3011907512144049,-0.5341314741979535,-1.2365264977330552,-1.4536752935315282,sydney,walking
-1.3545633370653458,-0.5829663381238923,-0.9603830359392059,-1.3781131960201343,-0.7757352318295279,-0.3733128731052634,-0.315767519959995,-0.6344378136789197,-1.2032326532615722,-1.454852366091072,sydney,walking
-1.4053202485480336,-0.4606456544597597,-1.0994145178664856,-1.2924959409661683,-0.9686573512057157,-0.18007758936341003,-0.2999621050691389,-0.4600907914631119,-1.2279741351459412,-1.5326396449043258,sydney,walking
-1.3457595808750387,-0.6034339720875643,-0.8116165285305004,-1.3311263291626068,0.32276670948621616,-0.42333597047701454,-0.31785826161290665,-0.6915953866710075,-1.2244098122677234,-1.441592367701123,sydney,walking
-1.4380225223544245,-0.6512318836984361,-0.8879447717979124,-1.4603951898541043,0.3957704341643934,-0.5444314436491973,-0.3221222914117164,-0.7604486364163852,-1.3212099797500505,-1.5840340788591707,sydney,walking
-1.2814746624290476,-0.6031315302046523,-0.8827648514071744,-1.3350846611599647,-1.2304238572183324,0.35328014712017947,-0.3178285235492739,-0.6469752506666478,-1.1376209398138417,-1.3467073089912307,sydney,walking
-1.458595910510313,-0.5013709183821699,-1.0582674070583469,-1.3804588742407908,-0.6147986059915695,-0.39419690179856065,-0.3058541804203482,-0.5701560748002462,-1.290353558615895,-1.6169133303686816,sydney,walking
1.1551697389736864,-0.3453809694580921,1.2041182507601969,0.51297991571766,-0.2779438813915877,-0.3931217428606461,-0.2798777931718782,-0.3387746640169028,1.1182156165831565,1.099013498208297,sydney,jumping
1.253345854903759,-0.43710277538568126,1.343693926658488,0.501434780725366,-1.0737393589859228,-0.14233119943132896,-0.2962691669865512,-0.44433687227875046,1.2589774431640108,1.1738112609412268,sydney,jumping
1.1206581156360447,-0.4653290163905337,1.3802758547098088,0.4517357234252038,0.2644547745727657,-0.44240921504225783,-0.3006716814846995,-0.5155785311446072,1.097589330343646,1.0724627736412315,sydney,jumping
1.0327694705081025,-0.40743420063836966,0.8693432207599604,0.3508349087147722,-0.9924307587721454,0.5204341592574776,-0.29131612158326864,-0.2628143573327939,1.0415462013904395,1.0042232500877428,sydney,jumping
1.2681781799753236,-0.6172060902129998,1.508967651187872,0.40456560045668793,-0.3027734431240118,-0.32329313689630684,-0.31917568632725724,-0.6470094685623562,1.2385020809701557,1.1850194607213393,sydney,jumping
1.3169666366729875,-0.593525576810379,1.5436852110051726,0.4514425136476221,-0.7536158856239809,-0.2595053395562486,-0.3168659629475808,-0.6268209100941262,1.298846545224528,1.2217202451363833,sydney,jumping
1.2784416526784408,-0.5713471781115588,1.5587009335386348,0.4287920583294068,-0.3986381938608136,-0.6097752966919018,-0.31450997314047935,-0.6581645025634463,1.271126828839235,1.1927612496090185,sydney,jumping
1.309072761978717,-0.5398467761015701,1.4237105957294218,0.5102677252750256,-0.4108493293930992,0.14646959376005755,-0.31084322007004805,-0.49042837779859183,1.2958280643114293,1.2157993334934012,sydney,jumping
1.3272325734666288,-0.5534400371544671,1.557793943586949,0.46877854174716227,-0.7293754150364706,-0.36813755334042003,-0.3124716589545903,-0.6202168562223153,1.3039025007539689,1.2294105039246428,sydney,jumping
1.4252559157842317,-0.5078213717389045,1.6855283617826773,0.7008174294811773,0.5679079760502663,-0.013469478464885333,-0.3067297448880223,-0.4903257241114645,1.395136086352389,1.3022883219161003,sydney,jumping
0.8819796651782273,0.550561057324133,0.21958065820542882,0.4240273994436978,-1.4294917628769015,-0.377807669459749,0.04795675547558148,0.2467619673531914,1.1809497115603997,0.8849668733051749,sydney,jumping
1.1820668833421357,0.041628014912625196,-0.3152007726406872,0.45664698719970387,-3.9278303371094774,5.683147096270636,-0.17559950542477995,0.6403772652714048,1.2554307280911197,1.1196124429139058,sydney,jumping
0.6832762731344135,1.3992196799651904,-1.258661798050225,0.41801659900326527,-2.1198538407897383,0.47945434767919726,0.639118853570164,1.2450006388679034,1.1450549427021293,0.7233102097704337,sydney,jumping
1.2840970618334746,-0.6194306871144524,1.3786634281290349,0.4331169025487424,-2.3728331017823945,2.2963282926326216,-0.31938174360731003,-0.5318662495020268,1.2879800139373712,1.1970223123407142,sydney,jumping
1.3838775149632254,-0.5729543379697104,1.456311845659455,0.47610878618671365,-1.5990251140142704,0.8520966359073617,-0.31468696664680007,-0.5444584351228889,1.3731514837019843,1.2716452858472223,sydney,jumping
1.2888618629657407,-0.6399237290847948,1.6053101393891474,0.522252674933693,-0.43195304327184225,-0.2302451770516171,-0.3211917068351268,-0.6025604220365414,1.282446132263356,1.2006096854928652,sydney,jumping
1.3417284966145209,-0.6806724690446573,1.7750180370156614,0.5523433283580538,0.7149412989970558,0.43413406724119075,-0.3243176660548621,-0.68971340240702,1.3164795045585485,1.240250583477168,sydney,jumping
1.3064591118736515,-0.6676880789287009,1.682409324115492,0.6006129879925031,0.77422297581823,1.239046426602119,-0.32338992436378083,-0.5817593632351222,1.2772895607034789,1.2138374730209331,sydney,jumping
1.2537691428019853,-0.5985171283615071,1.5781508291692272,0.5651712561272696,0.4474281656711083,-0.12741774640905104,-0.31737050502038583,-0.5440478203743826,1.223258752359005,1.1741314533756324,sydney,jumping
1.3046961086711204,-0.5575805840818964,1.609038875857188,0.8444169180519985,2.0755005951364165,2.672473312079476,-0.31295376861880597,-0.30431724303807606,1.2449918149333188,1.21251371627268,sydney,jumping
1.2419913257704904,-0.5823708165182144,1.5188437639951158,0.6681685207474132,1.5989745802385247,1.70917277121352,-0.31570431069629,-0.40761422660399693,1.191816242847556,1.1652149513527827,sydney,jumping
1.2446515793267647,-0.5662162460375473,1.621232851874295,0.8017182441916092,2.4078363666581897,3.389538703301646,-0.3139383602486338,-0.3524618223004481,1.203613472416252,1.167230241324827,sydney,jumping
1.1771369988582172,-0.6344427697123909,1.5503364706508675,0.5735643860105561,1.726891918314774,2.71101675268919,-0.3207232193169933,-0.5173236438257595,1.152752069030532,1.1158430296622686,sydney,jumping
0.9558725011136576,0.6388693844689745,-1.0831642812321176,0.4662129561933189,-3.6249811673877823,3.722907355882208,0.09674414000908065,1.1708196627606555,1.1501108982315702,0.94375987790204,sydney,jumping
1.6706082911449038,1.639499994465747,-1.0061608343340065,1.1636490633944834,-2.5720234706596754,1.4314531715688874,0.8560878575350963,1.7696602119823561,1.9868338073426386,1.480526037670823,sydney,jumping
1.802760690676187,-0.1796257188474212,1.591937076434849,1.1224897408663999,0.7576308102859689,-0.04913721581442615,-0.24216681721510416,-0.0330925144913301,1.6554674881033817,1.5742069529071365,sydney,jumping
1.8507284980950836,-0.3543621064990506,1.8508524746427113,0.9803196499612908,0.03218351018296539,-0.7003678575709863,-0.28162363868396123,-0.34164896725644744,1.7277223749606914,1.6078299060622898,sydney,jumping
1.7375339646917207,-0.4794756664763809,1.9221166906798783,0.9472235963167144,0.35692832126927354,-0.12779655882837693,-0.30276455091452115,-0.4209420969825994,1.6576257019562473,1.5281637735052476,sydney,jumping
1.4246523207402928,-0.6428529969487372,1.5929146100494433,0.4930416508420791,-1.3182332648342903,0.6461503997494982,-0.3214374178504281,-0.6214144825721254,1.3983306453187527,1.3018425765557526,sydney,jumping
1.3773401756694443,-0.5869519513891771,1.5331540498994896,0.47764813751902024,-1.1493543819543701,0.22481905134507754,-0.31618709620832686,-0.5952035744591353,1.3590652394408549,1.2667879948557466,sydney,jumping
1.511309884815714,-0.5927177911198013,1.5060955163408678,0.5529663991354155,-2.600190977154425,2.5433775632543956,-0.31678342468183934,-0.5065107887817581,1.4967834311010009,1.36546535651994,sydney,jumping
1.4192774965018513,-0.5754328754290496,1.5316927883106621,0.5202002064906187,-1.3623165027994486,0.5661009764704876,-0.3149580039381309,-0.554484278565586,1.3909605210892684,1.2978717290840456,sydney,jumping
1.440789221042607,-0.5523008536610396,1.356442174312736,0.5682133075696837,-1.347878210577662,1.5856354966530133,-0.31233787671527696,-0.39064899391154156,1.3936771539110584,1.3137467818336146,sydney,jumping
1.3819366687055044,-0.5711080333387356,1.537794815152281,0.5016913392807504,-0.8740840709526723,-0.04193708465929872,-0.3144835528854756,-0.5759081030689064,1.3687243783627718,1.2702036819278826,sydney,jumping
1.4106352882289666,-0.7095088735247205,1.5990115980579969,0.44748418165026416,-2.2019676522348637,2.936950153223912,-0.3261494634158344,-0.668087692319017,1.3884702743359623,1.2914808438015197,sydney,jumping
